time,left_knee_angle_raw,right_knee_angle_raw,left_knee_angle_smoothed,right_knee_angle_smoothed
0.063106700006756,156.8388942575474,165.88492931139314,151.62296846174226,159.2052667881383
0.17640680000477005,152.95707335763927,160.2576186999267,151.62296846174226,159.2052667881383
0.2262263000011444,150.9643912695194,158.6687900532678,151.62296846174226,159.2052667881383
0.27961320000031264,151.8352589795627,159.3061066227573,151.62296846174226,159.2052667881383
0.33028220000414876,151.3069385782414,159.2052667881383,151.62296846174226,159.2052667881383
0.37473420000605984,151.3989984198984,158.6393411206661,151.3989984198984,158.90113715934535
0.4494090000007418,151.62296846174226,158.83095423141512,151.3989984198984,158.90113715934535
0.5178480000031414,151.72289801244656,159.20894635341818,151.3492792281291,158.83435214442233
0.5745748000044841,151.3492792281291,158.90113715934535,151.3492792281291,158.83095423141512
0.6204526000001351,151.13368444976902,158.83435214442233,151.13368444976902,158.83095423141512
0.6586402000029921,150.22352177394964,158.67469670682158,150.22352177394964,158.67469670682158
0.7025935000056052,150.11895814506522,158.17153027843216,150.22352177394964,158.17153027843216
0.7614997000055155,150.02653925684135,157.81942851277756,150.22352177394964,157.81942851277756
0.8016341000038665,150.1594115694277,157.3273826851243,150.22352177394964,157.3273826851243
0.8469248000037624,151.15221640601766,156.76915767728607,150.1594115694277,156.76915767728607
0.9098541000057594,151.5321032161677,156.00608256193237,150.1594115694277,156.00608256193237
0.9526244000007864,151.75665248586145,154.5124714914935,150.1594115694277,155.5046387793259
1.0206810000017867,148.60468201285488,150.2557118341004,151.15221640601766,155.5046387793259
1.1058419000037247,148.56740142384143,150.87644692408855,151.5321032161677,155.5046387793259
1.1459199000018998,149.95297049217135,155.5046387793259,151.75665248586145,155.5046387793259
1.1869839999999385,154.59048969789077,166.28899909252783,154.59048969789077,166.28899909252783
1.2609145000024,158.41963771457216,170.94173121549045,158.41963771457216,170.94173121549045
1.3212943000035011,162.21821499977239,173.44550018410925,161.25546896750996,173.44550018410925
1.4045545000044513,165.33734129947646,174.38360110228157,161.25546896750996,174.38360110228157
1.480100200002198,165.33062888041022,176.86887645553554,161.25546896750996,174.38360110228157
1.536650699999882,161.25546896750996,177.08935488622498,161.25546896750996,176.8146495788988
1.5765054000003147,157.88955274605667,176.89603204742514,158.98341202671506,176.8146495788988
1.6501519000012195,158.98341202671506,174.14203920316078,158.37798452404283,176.8146495788988
1.7313288000004832,158.37798452404283,176.8146495788988,157.88955274605667,174.14203920316078
1.8105862000011257,139.31035558105583,173.84469440554923,148.81029659976613,173.84469440554923
1.8901722000009613,148.81029659976613,167.89556973667987,148.81029659976613,169.62637512895085
1.9509008000022732,143.50160158056872,169.2416629400691,148.81029659976613,169.2416629400691
1.9910465000066324,143.6325929151402,169.62637512895085,148.81029659976613,167.89556973667987
2.063497000002826,156.04598444767316,167.7143095709137,156.04598444767316,167.83339892667757
2.1116723000013735,161.58100722495888,167.83339892667757,160.69504035428997,167.7143095709137
2.1609622000032687,161.065381635303,167.07194193143548,160.69504035428997,167.7143095709137
2.2013086000006297,160.69504035428997,165.0199787144775,160.69504035428997,167.07194193143548
2.2602694000015617,162.1148483725331,166.29422546618684,160.69504035428997,166.29422546618684
2.303931200003717,156.2309177789183,168.11266036273008,159.14575939166667,165.0199787144775
2.3702776999998605,157.98541461459035,159.55052123482704,159.14575939166667,165.0199787144775
2.4367070000007516,158.6271995082158,163.36800197031835,158.6271995082158,166.29422546618684
2.4769990000058897,159.14575939166667,162.8538057876349,157.98541461459035,168.11266036273008
2.5561178000061773,160.33821475566077,169.089701903274,157.98541461459035,167.91837833172556
2.633905100003176,155.78214264947664,171.9540677906321,155.78214264947664,167.91837833172556
2.695663300000888,155.7170179556786,171.16807698298112,155.7170179556786,167.91837833172556
2.7588329999998678,155.4077874127545,167.91837833172556,155.4077874127545,169.089701903274
2.7991489000050933,153.91985416875636,146.482460653922,153.91985416875636,171.09904543377232
2.8737997000062023,152.5293794439542,163.47378323815678,152.5293794439542,167.91837833172556
2.9537464000022737,149.73711042118734,171.8375018863746,149.73711042118734,167.2253555034133
3.028859600002761,144.2964649760958,171.09904543377232,144.2964649760958,163.47378323815678
3.0708228000003146,134.5399722024444,167.2253555034133,144.2964649760958,165.78312903019673
3.1451677000004565,137.15879880798008,161.67764029125024,144.2964649760958,166.85326819994955
3.185977200002526,139.557746484329,163.3557833688215,144.2964649760958,166.85326819994955
3.2464303000015207,146.72901381408232,165.78312903019673,146.72901381408232,166.85326819994955
3.3141375000050175,155.76315942901738,166.85326819994955,155.76315942901738,165.78312903019673
3.4067554000066593,157.8494231067772,170.67425783718068,157.8494231067772,165.78312903019673
3.45969370000239,164.37919212440238,166.91541390234502,157.8494231067772,166.85326819994955
3.521791300001496,162.0160043242574,164.94905927170902,157.8494231067772,166.85326819994955
3.600220000000263,159.07148445116152,165.38807141381108,157.8494231067772,165.38807141381108
3.669364700006554,141.29593220557405,172.3302924116974,141.29593220557405,164.94905927170902
4.269614300006651,133.53090549746784,141.12219669127256,141.29593220557405,154.80709746959147
4.31118620000052,133.88238164665205,139.09175350237203,141.29593220557405,154.80709746959147
4.372975600002974,139.2548135477548,143.49558438553362,141.29593220557405,154.80709746959147
4.436727800006338,149.46398241481535,154.80709746959147,149.46398241481535,154.80709746959147
4.500173200001882,149.84867732258192,155.78946210137536,149.84867732258192,155.78946210137536
4.542125800006033,154.44335969448252,157.43768287815467,154.44335969448252,157.43768287815467
4.610297200000787,160.4235842194351,162.68679447340557,160.1317794289863,162.68679447340557
4.681065500000841,160.1317794289863,163.34279312969815,160.4235842194351,163.34279312969815
4.743150400005106,163.3353481446913,167.39347935451573,163.3353481446913,164.4003849669105
4.828937500002212,165.04298041731155,165.51884244390666,164.20585215030292,165.51884244390666
4.8681015000038315,166.72014912516804,164.4003849669105,165.04298041731155,166.26829683693606
4.9423402000029455,167.54928645553414,166.26829683693606,166.72014912516804,166.93188946555628
5.021977300006256,164.20585215030292,169.00728159170026,167.54928645553414,166.93188946555628
5.0723264000043855,168.51016695258897,166.93188946555628,168.51016695258897,169.00728159170026
5.137304800002312,173.98463132035775,172.54394885085614,168.51016695258897,171.9002271872283
5.242622300000221,174.04095928856424,172.15466281628323,168.51016695258897,171.9002271872283
5.330589800003509,175.79994775953932,174.51111204236378,168.51016695258897,171.9002271872283
5.386019100005797,168.03728653545707,171.9002271872283,168.46066657457388,171.9002271872283
5.423915100000158,161.53228729995413,171.2105783913891,168.46066657457388,171.7534092631209
5.479271500000323,162.39788707963496,171.7534092631209,168.46066657457388,171.2105783913891
5.590652800005046,168.46066657457388,167.8044109449786,168.03728653545707,167.8044109449786
5.6534626000066055,169.90398339011313,163.11543719897767,168.46066657457388,164.9417464403406
5.69956600000296,170.5815402202841,159.1227592594262,168.65840726357925,164.9417464403406
5.743305100004363,167.05494339788365,158.71334537993036,168.97091155870137,164.9417464403406
5.808722200003103,169.5043036555036,164.9417464403406,168.97091155870137,164.9417464403406
5.864722100006475,168.65840726357925,167.16940146437915,168.97091155870137,166.95632615196374
5.905907500004105,168.97091155870137,168.82708675375716,168.97091155870137,167.16940146437915
5.9586812000052305,168.72401751635624,168.5630738485663,169.5043036555036,167.4982279509508
5.99777449999965,172.8688551395053,166.95632615196374,171.93306401166768,168.5630738485663
6.0360318000020925,172.99435037951594,167.4982279509508,172.8688551395053,168.82708675375716
6.117821500003629,174.0757699570306,175.90756403534883,172.8688551395053,171.56080224317492
6.1601600000067265,171.93306401166768,176.85885536485034,172.8688551395053,171.56080224317492
6.561257900000783,173.15865644170293,175.37811193733032,171.93306401166768,171.56080224317492
6.6384108000056585,171.72371722703392,171.56080224317492,171.72371722703392,171.56080224317492
6.905724000003829,152.94500893157078,163.7960495003693,157.03452253066234,163.7960495003693
6.9674109000043245,157.03452253066234,162.1948610849217,155.69143176257265,162.1948610849217
7.010515800000576,154.01602093713294,160.80800864122952,155.69143176257265,161.96707333269268
7.088915899999847,155.65189187924403,161.96707333269268,155.65189187924403,160.80800864122952
7.146611600001052,155.69143176257265,160.46658205044307,155.65189187924403,160.46658205044307
7.206196300001466,156.90647156749537,159.04201013628727,154.660121559881,159.04201013628727
7.2901733000035165,154.13075092647207,157.9595090879251,154.660121559881,157.9595090879251
7.368793500005268,154.660121559881,156.2500073095611,154.13075092647207,156.2500073095611
7.421964200002549,153.76705208828756,152.63443735054727,153.94537350639848,156.2500073095611
7.471054000001459,153.62303145292114,149.9995907989774,153.94537350639848,156.2500073095611
7.51237730000139,153.94537350639848,149.4594444743863,153.94537350639848,156.2500073095611
7.5848029000044335,153.29870043792673,157.8617683957575,153.94537350639848,157.8617683957575
7.625652800001262,157.7525994886398,167.6677787807895,157.7525994886398,167.6677787807895
7.6959610000049,157.78592905525497,171.63191001665714,157.78592905525497,171.41590024456423
7.750138700001116,158.9520332728732,173.03989241076036,158.81495148929184,171.63191001665714
7.790044300003501,158.81495148929184,172.90143971508624,158.9520332728732,172.14117250359845
7.829087199999776,159.72102209237246,171.41590024456423,158.9520332728732,172.90143971508624
7.871420000003127,159.22222845433606,172.14117250359845,158.9520332728732,172.90143971508624
7.930464800003392,160.282293887358,174.13408886405048,158.81495148929184,172.14117250359845
7.9750883000015165,149.81672095348117,175.66912594102516,149.81672095348117,171.41590024456423
8.018156300000555,146.27305533211018,168.00375586375503,146.27305533211018,169.5332756819747
8.092344400000002,145.349533506138,164.11048646548775,146.27305533211018,168.00375586375503
8.156067100004293,138.5748003938544,169.5332756819747,146.27305533211018,166.33327903144146
8.207624400005443,143.72763739607998,166.33327903144146,146.27305533211018,166.19172396873057
8.273458100004063,157.193215418201,162.19071168836498,153.69061508242362,164.11048646548775
8.35089720000542,153.69061508242362,166.19172396873057,157.193215418201,162.78432324563852
8.407484100003785,163.03377972816605,162.78432324563852,160.38482596437547,162.19071168836498
8.464523200003896,162.53836796284614,161.10701269843003,161.6311180519921,162.19071168836498
8.543532000003324,160.38482596437547,156.38623079248572,162.53836796284614,162.78432324563852
8.605977600003826,161.6311180519921,159.93224244062958,162.53836796284614,162.78432324563852
8.67119300000195,162.97293114847653,163.19803531768275,161.85054661498415,163.19803531768275
8.71430070000497,163.7493407128461,166.85392478476263,161.6311180519921,166.85392478476263
8.776492300006794,161.85054661498415,170.14769743230013,161.6311180519921,168.89760449414518
8.821545300001162,157.55225069370672,168.89760449414518,160.82164759387967,170.14769743230013
8.863076800000272,157.76844328403274,172.6038225869024,159.86303665793002,171.6977006032497
8.925490400004492,160.82164759387967,171.6977006032497,157.76844328403274,172.6038225869024
8.967361400005757,159.86303665793002,177.7943485242752,157.55225069370672,172.91329898500297
9.011479400003736,156.44036449459216,172.91329898500297,156.44036449459216,173.92285179338893
9.091367799999716,149.431689082814,177.49787989257212,151.19002553744716,173.92285179338893
9.165626100002555,140.4545390899327,174.17460198879255,149.431689082814,173.92285179338893
9.21032080000441,146.9298989285876,173.92285179338893,146.9298989285876,172.91329898500297
9.269140000003972,151.19002553744716,165.11159052476975,142.76152324640478,167.8623152707358
9.34338490000664,136.88737055287666,164.09247481071583,142.76152324640478,167.32188196935937
9.391000100004021,141.16881002807347,164.54421383955255,146.9298989285876,167.32188196935937
9.462988600003882,142.76152324640478,167.8623152707358,151.00260976185146,167.32188196935937
9.549985800003924,151.00260976185146,167.32188196935937,146.60567680448568,167.8623152707358
9.613302000005206,156.27455590009419,175.6826520468778,151.00260976185146,167.8623152707358
9.66512390000571,153.10779252398697,173.2386399684184,152.2961785653735,167.8623152707358
9.747107400005916,146.60567680448568,171.37223309743132,153.10779252398697,167.83663638378323
9.789684600000328,152.2961785653735,167.83663638378323,156.27455590009419,167.83663638378323
10.430938800003787,159.97138041448645,164.03663044026072,157.98151698749183,164.03663044026072
10.471921600001224,157.98151698749183,160.42276293767694,159.10136326341586,164.03663044026072
10.535397900006501,159.10136326341586,161.72569168590556,159.105289615684,164.03663044026072
10.627389300003415,159.105289615684,161.463170624221,159.97138041448645,164.03663044026072
10.688232000000426,164.555084504669,165.19117842139377,163.71972238788112,165.19117842139377
10.734338100002788,163.71972238788112,165.86579479986563,164.43769677679126,165.7971925517809
10.802435100005823,164.43769677679126,165.7971925517809,164.555084504669,165.86579479986563
10.864807300000393,166.23728595359088,167.74423470855322,164.5695776535405,166.45538846307218
10.929101900001115,168.51261764628825,172.01420837232604,166.23728595359088,166.45538846307218
11.01028480000241,168.07812849636306,172.38151297432447,168.07812849636306,166.45538846307218
11.07410130000062,164.5695776535405,166.45538846307218,168.51261764628825,166.45538846307218
11.15629670000635,169.65338422470114,165.1673414821939,169.0866622437818,166.45538846307218
11.197676000003412,170.03533840329382,162.73978136932834,169.65338422470114,166.45538846307218
11.23602970000502,169.0866622437818,163.39695983770346,170.03533840329382,166.45538846307218
11.314044200000353,175.00122175850248,172.8912168262694,170.03533840329382,171.65891228280276
11.353082400004496,175.02987901312162,171.65891228280276,170.03533840329382,171.7132052507644
11.403059700001904,171.66238978033246,173.08084292344859,169.94790818987445,171.7132052507644
11.480571000000054,168.78277234047454,172.41972431889678,171.66238978033246,171.7132052507644
11.562674600005266,169.94790818987445,171.7132052507644,171.66238978033246,171.65891228280276
11.640277900005458,164.0355743124493,171.64211615917856,170.68643225251003,171.64211615917856
11.681180500003393,172.24658251220876,170.1123686958433,170.68643225251003,170.1123686958433
11.745223300000362,172.84071652769077,167.2404102058538,170.68643225251003,168.98402597711853
11.78995940000459,170.68643225251003,168.98402597711853,170.68643225251003,167.2404102058538
11.831241700005194,172.17386882320218,165.421633615215,172.17386882320218,166.67822025430405
11.931068300000334,170.1441452986305,166.0730904567348,172.17386882320218,166.0730904567348
12.000251299999945,168.1442912447895,166.67822025430405,170.68643225251003,166.0730904567348
12.071642400005658,174.3211176518428,163.80612381529585,172.17386882320218,166.0730904567348
12.152479900003527,172.25671169912528,161.12689725628135,172.25671169912528,166.67822025430405
12.189488900003198,170.30452529611003,168.0659819884071,172.541700578992,166.67822025430405
12.228520100004971,172.76175561337035,167.65174012961324,172.541700578992,163.80612381529585
12.271992300004058,172.541700578992,166.8546048868533,172.25671169912528,164.47928227027197
12.310991700003797,172.61233660707515,162.88121121705666,172.541700578992,166.8546048868533
12.350697699999728,172.16469193453017,153.74220369373515,172.61233660707515,166.8546048868533
12.41515470000013,172.23529698286706,164.47928227027197,172.61233660707515,166.8546048868533
12.495825500001956,173.07443183049372,173.07290358434437,172.61233660707515,172.74326825906377
12.538866300004884,172.82694410673534,174.08903012813462,172.49598487041072,173.07290358434437
12.596644200006267,173.16961203885154,172.74326825906377,172.49598487041072,173.3875965588153
12.692070500001137,172.49598487041072,174.30458849374918,172.49598487041072,173.3875965588153
12.7922264000008,165.15413992949536,173.61579566084995,165.59052246880478,173.3875965588153
12.8531765000007,165.59052246880478,173.3875965588153,165.15413992949536,172.74326825906377
12.892158200003905,152.92916744722058,170.40379846927527,154.1132888298919,170.40379846927527
12.953969300004246,154.1132888298919,164.08156951409404,152.92916744722058,164.08156951409404
13.03372870000021,151.78090130559613,158.30163121808934,151.78090130559613,159.88532371942884
13.092288100000587,151.62810468956462,158.49826094696283,151.78090130559613,159.88532371942884
13.13463480000064,151.08972769845195,159.88532371942884,151.62810468956462,159.12821007484408
13.203544200005126,150.28456007093402,159.12821007484408,151.3564027096256,158.49826094696283
13.266361800000595,153.16828505613395,160.772010505089,151.3564027096256,158.49826094696283
13.328132700000424,151.30366099503314,156.880466597259,151.3564027096256,158.64577691578558
13.409457400004612,151.3564027096256,156.2897384642336,152.0042770844523,158.64577691578558
13.479946600004041,152.0042770844523,157.79599328918604,153.14243048155961,158.64577691578558
13.56850580000173,153.14243048155961,158.64577691578558,153.14243048155961,158.64577691578558
13.648157600000559,160.37885603560687,173.0694610172493,153.14243048155961,170.8364577413582
13.700009800006228,165.57737473289055,176.05729899814688,153.14243048155961,171.2100194391819
13.760641300003044,160.87628642383308,171.2100194391819,153.15805076898704,171.74242087443045
13.847380999999586,152.59593257126542,170.8364577413582,153.15805076898704,171.74242087443045
13.934639099999913,146.98768285587454,173.17330810246335,152.59593257126542,171.2100194391819
13.992112600004475,153.15805076898704,171.74242087443045,151.36330630731996,170.8364577413582
14.032213200000115,148.50172740006624,168.0497826880246,151.36330630731996,168.0497826880246
14.085686800004623,140.9409308570908,167.51962228608474,151.36330630731996,167.51962228608474
14.161905799999658,151.36330630731996,165.0684031278801,153.15805076898704,167.51962228608474
14.23104500000045,155.25746546142852,163.92341345874843,155.25746546142852,167.51962228608474
14.301878400001442,163.23046140533717,165.8758390854594,155.79767040584215,165.8758390854594
14.36767520000285,165.72474301358184,167.9148276160215,155.79767040584215,165.8758390854594
14.434158200005186,156.20581098607306,169.13863587373964,156.20581098607306,167.9148276160215
14.48016490000009,155.79767040584215,163.38204849530806,157.40627890470418,168.20735730898065
14.541970800004492,155.35921045763192,170.5507343953565,157.40627890470418,168.38313617671298
14.606185600001481,158.09590664597735,168.62236140309764,157.32391250992987,168.62236140309764
14.673398300001281,157.40627890470418,168.20735730898065,157.40627890470418,168.38313617671298
14.754391200003738,157.51458061191886,168.38313617671298,157.40627890470418,168.62236140309764
14.805690900000627,157.32391250992987,171.25327223109696,157.40627890470418,168.62236140309764
14.88608760000352,166.8354765387836,163.1126658655452,157.32391250992987,169.77899339347434
14.9281442000065,157.14294093819973,169.77899339347434,157.14294093819973,169.77899339347434
14.992382200005522,146.64576782364205,175.89578705691113,153.54545087940517,169.77899339347434
15.044971200004511,148.0318132692333,171.86172262923168,150.14388138396748,168.71908926295157
15.121701200005191,153.54545087940517,168.71908926295157,148.0318132692333,168.71908926295157
15.16215860000375,150.14388138396748,160.0701991151057,148.0318132692333,162.88496829113376
15.207691499999783,137.5041463401036,157.73050462847664,150.14388138396748,162.88496829113376
15.265273400000297,138.59968881433284,162.88496829113376,153.54545087940517,162.88496829113376
15.348627800005488,154.45333434972864,162.48103704133166,154.45333434972864,162.88496829113376
15.403931900000316,162.68313638356594,164.8673186552226,162.68313638356594,163.8001211755729
15.475606400003016,170.73053553704983,174.28563582984438,162.68313638356594,164.8673186552226
15.54721000000427,168.88190534461896,174.75498279269135,162.68313638356594,170.4866289813429
15.599046700001054,164.5382042548814,163.8001211755729,164.28154726425126,171.3278971100234
15.645222600003763,154.59474709371838,171.3278971100234,164.28154726425126,171.3278971100234
15.721533100004308,162.15342603508446,170.4866289813429,162.15342603508446,171.20193129439483
15.760224100005871,164.28154726425126,171.44523963716648,159.22832259734452,170.4866289813429
15.801123600002029,159.22832259734452,171.20193129439483,159.22832259734452,170.4866289813429
16.2801615999997,154.8783190781211,167.37821510497156,159.22832259734452,167.37821510497156
16.359156300000905,154.9183190013453,166.73124275644943,158.1705084500961,166.73124275644943
16.40954270000657,161.542456526689,163.22016106597957,158.1705084500961,163.22016106597957
16.469503400003305,158.1705084500961,161.13150320216667,158.1705084500961,163.22016106597957
16.55623800000467,156.50690906561778,161.19864161258786,161.542456526689,163.22016106597957
16.640266500005964,162.04950688264245,163.10460154074352,162.04950688264245,163.22016106597957
16.69687640000484,167.20756903262293,165.13119032385111,167.11129546537592,163.3934738227999
16.77748150000116,167.11129546537592,163.3934738227999,167.20756903262293,164.56243860912159
16.814712999999756,168.61546556155778,164.56243860912159,168.61546556155778,165.13119032385111
16.863927000005788,169.67150133881793,167.07482614240257,169.609455011073,165.13119032385111
16.927952800004277,169.609455011073,169.43077445853044,169.67150133881793,166.2107706378151
16.973269400004938,171.70868138286784,168.87772909513112,169.89474290378027,167.07482614240257
17.042034500002046,171.53471630885542,160.02479327038932,170.98607955088656,168.87772909513112
17.10276210000302,170.98607955088656,166.2107706378151,171.53471630885542,169.43077445853044
17.141688700001396,169.89474290378027,175.26424705254414,171.70868138286784,169.7312372281051
17.218923899999936,172.81288688310426,174.0837651563506,171.53471630885542,169.90494140700625
17.30230290000327,173.55142070252478,173.31123284916276,170.98607955088656,170.178556442204
17.385739700002887,174.96447412675084,169.7312372281051,170.26247553705988,170.178556442204
17.44288300000335,169.94254690932303,169.90494140700625,170.26247553705988,169.90494140700625
17.497221200006607,167.0931007355602,170.178556442204,170.26247553705988,169.7312372281051
17.56497120000131,170.26247553705988,169.36453326655192,170.26247553705988,169.36453326655192
17.605363500006206,167.77704707432605,168.01182393689737,169.94254690932303,168.01182393689737
17.670585600004415,170.67873229278587,166.64869273536527,167.77704707432605,166.64869273536527
17.75844599999982,170.46107734367712,166.60800822736664,167.77704707432605,166.60800822736664
17.79803200000606,165.91506235445632,165.14569264537056,167.77704707432605,165.40053737154074
17.8648153000031,160.68724530779255,165.40053737154074,168.8419141930754,165.29056480315518
17.945796100000734,162.0182895664218,165.29056480315518,167.89722269281387,165.29056480315518
17.998911800001224,168.8419141930754,164.29520263673732,167.04200877723943,165.29056480315518
18.038362100000086,170.244747120563,162.0268238731167,167.89722269281387,165.40053737154074
18.083478900000046,167.89722269281387,166.21922771776417,168.60621283267506,165.29056480315518
18.127497100002074,167.04200877723943,172.05460868306534,168.8419141930754,164.29520263673732
18.166390400001546,168.60621283267506,172.74464951794354,168.68020787177343,162.0268238731167
18.207483199999842,172.23840995757243,161.3367108202946,168.68020787177343,165.0465696291598
18.255701100002625,169.81813724816044,159.15352251791236,169.81813724816044,165.0465696291598
18.297528000002785,168.68020787177343,159.54852964251972,172.23840995757243,165.0465696291598
18.34043190000375,174.89374871433537,165.0465696291598,173.84788398034925,165.0465696291598
18.40066510000179,175.36449485926343,176.50645866763313,173.84788398034925,170.98042283044117
18.48294750000059,175.58877584358933,175.5548645135017,173.84788398034925,172.86800358838403
18.55928230000427,173.84788398034925,176.39613730523234,173.84788398034925,172.86800358838403
18.63950670000486,167.55669060487864,170.98042283044117,168.92337510490412,172.86800358838403
18.69790009999997,166.5916804278375,172.86800358838403,167.55669060487864,170.98042283044117
18.73477410000487,168.92337510490412,167.3210898711055,167.27166207295159,167.3210898711055
18.800367600000754,161.01645832551625,165.8437932538131,166.72803828357755,165.8437932538131
18.94354320000275,167.27166207295159,165.07438092998282,166.5916804278375,165.7346816901946
18.99098000000231,164.68850789014454,164.69953445197194,164.68850789014454,165.07438092998282
19.07060380000621,166.72803828357755,165.7346816901946,164.4247936865156,164.69953445197194
19.141700500003935,162.5333721325731,162.11674270830216,164.4247936865156,162.11674270830216
19.20334470000671,164.4247936865156,159.911326731662,162.5333721325731,159.911326731662
19.272240900005272,162.01121538648889,159.09747979368188,162.01121538648889,159.09747979368188
19.35297050000372,155.54380342194887,157.07432084424494,155.54380342194887,157.07432084424494
19.40099590000318,150.95658083370643,150.08960129257488,150.95658083370643,150.08960129257488
19.45719920000556,150.77267210907348,146.93297609910425,150.95658083370643,146.93297609910425
19.50643670000136,149.39022992578677,146.51504913975785,150.95658083370643,146.51504913975785
19.549894000003405,148.9148154996095,142.1147213335648,150.95658083370643,146.51504913975785
19.615326099999947,152.40398833122129,140.7150701822088,152.40398833122129,146.51504913975785
19.701420500001404,156.102121026106,146.29744480337595,156.102121026106,146.51504913975785
19.76639520000026,157.77297761411904,160.69844276357725,157.77297761411904,160.69844276357725
19.83118950000062,159.7081075620957,168.65321355484258,159.11267544014555,168.65321355484258
19.878755300000194,160.130746460405,170.70249096990972,159.11267544014555,170.70249096990972
19.937192900004447,159.11267544014555,171.29619253671999,159.11267544014555,171.29619253671999
19.993945000001986,159.3292207793502,172.20562472001623,159.11267544014555,171.29619253671999
20.032980600000883,151.62910298270074,172.41340679106793,151.62910298270074,171.29619253671999
20.11820330000046,144.35540222753116,171.56919474205014,151.62910298270074,171.29619253671999
20.19607000000542,142.60651330869942,169.002726404595,151.62910298270074,170.2257326939415
20.258046900002228,147.19043756693813,169.24423748342227,151.62910298270074,169.24423748342227
20.33752810000442,153.14703952213236,170.2257326939415,153.14703952213236,169.24423748342227
20.405191900004866,163.31297374212105,167.3189728984868,156.59187780517644,169.002726404595
20.496112100001483,163.12063922509793,167.34983684055408,156.59187780517644,167.34983684055408
20.557391600006667,156.59187780517644,169.84133818710686,157.81844256018098,167.3189728984868
20.597520500006794,159.7998639873779,159.60767850527486,157.81844256018098,165.6709180188125
20.657749400001194,155.85531239033614,164.6895432087513,157.81844256018098,165.6709180188125
20.707954500001506,157.81844256018098,165.6709180188125,157.81844256018098,165.6709180188125
20.749737800004368,157.78056157554292,163.8939878825112,157.81844256018098,165.6709180188125
20.79792820000148,160.9281853588027,168.05063501978367,157.81844256018098,167.61209877814267
20.837299099999655,161.34019596855913,170.8894344778239,157.81844256018098,168.05063501978367
20.916069500002777,157.50742889389497,169.4764580678465,157.78056157554292,169.4764580678465
20.960969500003557,157.9272504440682,167.61209877814267,157.50742889389497,170.8894344778239
21.02195070000016,154.21314698560954,173.05509863464917,154.21314698560954,172.0278282893257
21.068838099999994,152.11901547768036,177.21089733705296,152.11901547768036,172.0278282893257
21.14221460000408,150.1859527648793,173.2130169277855,151.21933024707704,172.0278282893257
21.234945400006836,149.69785334852796,172.0278282893257,151.21933024707704,172.0278282893257
21.327895100002934,150.53444725604749,164.6620967836098,151.21933024707704,167.8351043445878
21.391624600000796,151.21933024707704,158.319093271409,150.53444725604749,165.21400891435837
21.434528800004045,153.12219331566791,165.21400891435837,151.21933024707704,165.21400891435837
21.512660200001847,155.5770607683403,167.8351043445878,153.12219331566791,165.21400891435837
21.55065740000282,146.11234489231833,165.17123062475275,155.5770607683403,167.8351043445878
21.6246026000008,159.55757522855663,169.65064069085435,155.5770607683403,169.15925514617854
21.70814020000398,160.73802392584014,169.15925514617854,159.55757522855663,169.65064069085435
21.79750530000456,160.26020645593954,174.12924038711682,159.63419493493743,169.65064069085435
21.855629700003192,150.31557361705856,176.96402047941802,159.63419493493743,169.65064069085435
21.899696800006495,159.63419493493743,176.49177190302052,159.63419493493743,170.0955567587249
21.94180050000432,167.41588089580785,166.23575600287177,158.52333543032893,170.0955567587249
22.015849600000365,158.52333543032893,167.62440036355085,157.82748116086037,167.62440036355085
22.062072500004433,157.82748116086037,170.0955567587249,157.82748116086037,167.27727645128718
22.125959400000283,155.12372426630296,165.8725096396621,156.90238865090095,167.27727645128718
22.169798500006436,153.71864483269917,167.27727645128718,156.90238865090095,167.62440036355085
22.20945130000473,154.70141516774063,165.68640050963486,156.90238865090095,170.0955567587249
22.411196600005496,156.90238865090095,173.95191335815127,156.90238865090095,171.13271837120928
22.463560300006066,161.77636870302211,171.13271837120928,156.90238865090095,171.13271837120928
22.527903200003493,158.25542861121988,172.563519371486,156.90238865090095,171.13271837120928
22.60569620000024,159.2210014244064,172.4354017385005,156.90238865090095,171.13271837120928
22.685268400004134,154.75552135297943,167.15879235500213,156.92434896963044,167.15879235500213
22.742618800002674,150.74403252914712,160.65682114310653,156.92434896963044,160.65682114310653
22.833728300000075,150.510399570099,159.8176831244081,156.92434896963044,160.51517000512249
22.93264650000492,156.92434896963044,159.96147720319414,156.92434896963044,160.51517000512249
22.989863100003276,159.41485970814207,159.91389733880013,159.41485970814207,160.51517000512249
23.02993720000086,159.8460774061514,160.51517000512249,159.8460774061514,160.51517000512249
23.0906427000009,163.10405061581918,163.98837218394178,163.10405061581918,163.64503079197698
23.18184900000051,164.52231177811095,165.74243332989116,164.52231177811095,163.98837218394178
23.223946900005103,166.23649573465536,165.12325798256273,166.23649573465536,165.12325798256273
23.296304000003147,167.2895499166707,163.64503079197698,166.57519235305432,165.19297989860155
23.33898350000527,166.57519235305432,165.56436227089247,167.2895499166707,165.56436227089247
23.40357480000239,170.42421987416927,168.57445951787795,168.36706570140197,165.56436227089247
23.4649986000004,168.36706570140197,165.19297989860155,169.93052330265198,168.57445951787795
23.542268100005458,169.93052330265198,170.01852136723545,170.42421987416927,170.01852136723545
23.63712260000466,170.70489229620546,171.54471092353188,170.42421987416927,171.54471092353188
23.721043900004588,173.77105642269768,175.88727207434212,169.93052330265198,175.5490116805737
23.79764590000559,174.687566312832,176.21650309796743,170.70489229620546,175.5490116805737
23.86575090000406,164.49110076251398,175.5490116805737,172.37110392486952,175.5490116805737
23.94534990000102,165.78244147356554,175.9773836254392,172.69383926238586,175.5490116805737
23.998255500002415,172.37110392486952,173.9738658450355,172.37110392486952,173.9738658450355
24.03730290000385,173.03073223804142,173.24909122904057,168.08763946395217,173.24909122904057
24.079447400006757,172.69383926238586,171.24467971962875,168.08763946395217,171.24467971962875
24.126925600001414,168.08763946395217,163.47034418869066,170.2907296374233,163.47034418869066
24.170754200000374,167.12770148839684,162.03216590452237,168.08763946395217,163.47034418869066
24.251775100005034,160.5878479234266,161.4806514320217,167.12770148839684,163.47034418869066
24.310876499999722,170.2907296374233,163.3122329434022,167.11810632268322,163.47034418869066
24.356221600006393,166.93570544134903,164.8328692538957,166.93570544134903,164.8328692538957
24.39893960000336,164.24149931306798,165.03047510121792,164.85579136022815,164.8328692538957
24.471921900003508,167.11810632268322,165.3433388068856,166.45936076791244,164.8328692538957
24.526159600005485,164.85579136022815,165.0538353612059,166.45936076791244,164.8328692538957
24.563058500003535,162.16173908041608,163.71268450196692,166.45936076791244,165.03047510121792
24.612545600000885,166.45936076791244,162.59984315629188,167.11810632268322,165.0538353612059
24.69826340000145,167.41419670435286,164.47850420202772,167.41419670435286,164.47850420202772
24.779395000005024,167.4438432882646,166.1731619412472,167.4438432882646,164.47850420202772
24.81736990000354,169.6434891487838,167.07989225390043,169.6434891487838,166.1731619412472
24.86952420000307,170.4128827402042,163.6410167244754,170.4128827402042,167.07989225390043
24.958072000001266,172.4957175206139,172.4604794780861,172.4957175206139,172.4604794780861
24.99627860000328,174.52531469916508,176.0804065725606,174.52531469916508,174.7281897928273
25.056700799999817,175.58526416097865,178.03125458748278,174.52531469916508,174.7281897928273
25.101377600003616,174.77133753321715,176.9102886496271,174.52531469916508,174.7281897928273
25.17880680000235,174.61309667985068,174.7281897928273,174.52531469916508,174.7281897928273
25.23692110000411,168.26015227998136,171.37144121802635,169.88028634318383,172.7120339805259
25.278517400001874,167.81711958300778,172.7120339805259,169.29921319252335,171.37144121802635
25.325391300000774,169.88028634318383,166.47065064317508,169.29921319252335,167.13794671923227
25.386337200005073,168.7138464978185,166.4952818121299,168.7138464978185,167.13794671923227
25.42751350000617,169.29921319252335,167.13794671923227,168.7138464978185,166.80980005111658
25.48244550000527,170.47217010637218,166.80980005111658,168.7138464978185,166.4952818121299
25.54853450000519,159.8415513482869,167.4427275854533,162.96522541548293,166.4952818121299
25.600186900002882,162.01912979808978,166.0897598590793,162.96522541548293,166.0897598590793
25.653357100003632,162.53456950228085,164.99557260553576,162.96522541548293,164.99557260553576
25.691372400004184,162.96522541548293,163.46453056354258,162.53456950228085,163.46453056354258
25.764190800000506,163.4394317220925,162.826685190751,162.53456950228085,162.826685190751
25.83872180000617,163.95712638736077,161.8773631399159,162.53456950228085,161.8773631399159
25.912773100004415,159.7584820978986,160.22795396593898,159.7584820978986,160.22795396593898
25.961764100000437,152.4783838884461,154.02009313038917,157.2464654178404,159.73534629671437
25.998921400001564,152.72638327195858,155.14408521014317,155.09326888200397,157.89258040828574
26.042838400004257,154.39069576974202,156.61688215869495,154.39069576974202,156.61688215869495
26.09394610000163,157.2464654178404,159.73534629671437,154.3870217654137,155.450634541414
26.13126360000024,155.09326888200397,157.89258040828574,154.3870217654137,155.450634541414
26.196139600004244,152.488591093357,155.450634541414,154.3870217654137,156.61688215869495
26.28522140000132,154.3870217654137,154.99685368681872,154.3224703542742,157.89258040828574
26.346167000003334,150.61166122046473,146.70934104950786,154.3224703542742,157.89258040828574
26.405415000001085,154.3224703542742,158.60564075295406,154.3224703542742,158.60564075295406
26.495936600003915,154.2146202811802,159.11834917429755,154.3870217654137,159.11834917429755
26.557581700006267,159.2248520450386,170.19067161045777,155.42934498225725,170.19067161045777
26.59962350000569,162.3850340486079,170.64125090893916,155.42934498225725,170.64125090893916
26.666955500004406,160.62774426151236,172.68812043769245,155.42934498225725,172.68812043769245
26.731191900005797,155.42934498225725,173.55726818071594,155.42934498225725,172.68812043769245
26.804028200000175,141.5509080398878,176.21528793245542,145.4133061143043,172.68812043769245
26.886018000004697,140.7128254595537,176.59168871765084,145.4133061143043,172.68812043769245
26.962561400003324,145.4133061143043,167.65837052527468,145.4133061143043,168.66003203407453
27.010260600000038,140.81041652955696,168.66003203407453,145.4133061143043,167.66057057988053
27.055122700003267,146.2226506184435,167.66057057988053,146.2226506184435,167.65837052527468
27.09789940000337,147.83342503647924,166.5763225449744,147.83342503647924,167.31600221760974
27.14239290000114,159.44275724970132,167.31600221760974,157.37328843083665,167.31600221760974
27.20064380000258,165.033875083901,165.79979668541412,159.44275724970132,166.5763225449744
27.278325700004643,166.61673634602485,165.82172599936456,165.033875083901,165.82172599936456
27.337024300002668,157.37328843083665,173.16459962367637,166.1835835331441,165.82172599936456
27.396488100006536,166.28108538122999,157.4716434562773,166.1835835331441,165.82172599936456
27.48213580000447,170.37581537115673,162.01652251309093,166.1835835331441,167.8072726528279
27.55951890000142,166.1835835331441,168.6197332463212,160.81982851534033,168.12208889148613
27.6349404000066,160.81982851534033,167.8072726528279,163.84299826240417,168.12208889148613
27.69549270000425,158.94007899338095,168.12208889148613,160.81982851534033,168.12208889148613
27.75616180000361,158.02602720020678,175.92783644562866,160.81982851534033,168.12208889148613
27.837652800000797,163.84299826240417,169.09265560978034,160.81982851534033,167.8072726528279
27.88162089999969,158.28581640044234,161.42466913940441,158.94007899338095,168.12208889148613
27.931736700003967,163.80127753180827,163.87080171887916,158.28581640044234,167.4455452971399
28.00021540000307,161.56136908291174,167.4455452971399,158.28581640044234,167.4455452971399
28.045593100003316,148.20226944992234,175.17968055095395,154.22458434398604,167.2621750452305
28.087092500005383,154.22458434398604,167.2621750452305,150.0911094538639,167.2621750452305
28.14854020000348,150.0911094538639,167.59510083465705,148.20226944992234,167.2621750452305
28.19094820000464,143.1081093441574,160.62147150227077,148.20226944992234,161.5549414752401
28.25853990000178,135.9057680301847,161.5549414752401,150.0911094538639,161.5549414752401
28.319868400001724,132.65304138719347,160.7880155009983,150.0911094538639,161.5549414752401
28.401876900003117,160.31817005997115,160.24960696090176,153.67760887400263,161.5549414752401
28.486367000004975,160.96623455027793,167.43032818618016,156.41535315906867,165.8680382247031
28.542014600003313,160.21555897056967,177.4023633882778,160.21555897056967,165.8680382247031
28.592434400001366,153.67760887400263,176.0237223976654,160.31817005997115,165.8680382247031
28.68129150000459,156.41535315906867,165.8680382247031,160.96623455027793,165.8680382247031
28.75327350000589,164.66889959363655,161.50269287531597,160.21555897056967,164.80133473798915
28.8119319000034,162.11805639716044,163.33462182384255,156.41535315906867,163.33462182384255
28.861666600001627,161.53455421493726,164.80133473798915,156.41535315906867,163.21271426209276
29.539028600003803,150.3864010585392,163.21271426209276,158.6379608379655,161.50269287531597
29.597907000003033,151.6752300453625,156.64808295441924,158.6379608379655,163.21271426209276
29.644226500000514,152.45183261717042,154.97183423724113,158.6379608379655,163.21271426209276
29.690066700000898,158.6379608379655,159.45139086894244,158.6379608379655,163.21271426209276
29.782648500004143,164.54769501126842,164.01699252337696,164.54769501126842,164.01699252337696
29.852465400006622,167.14626395043524,166.05961117356338,167.14626395043524,164.01699252337696
29.916850200002955,168.14160902208323,167.17187095062587,167.14626395043524,164.01699252337696
29.95777210000233,167.88529003119965,167.01506736362683,167.14626395043524,164.01699252337696
29.99748230000114,169.1326089434537,160.74772319066594,167.14626395043524,164.01699252337696
